{"cameraMode":{"drawMode":0,"name":"Shaded","section":"Shading Mode"},"sceneLighting":false,"audioPlay":false,"sceneViewState":{"m_AlwaysRefresh":false,"showFog":true,"showSkybox":false,"showFlares":true,"showImageEffects":true,"showParticleSystems":true,"showVisualEffectGraphs":true,"m_FxEnabled":true},"in2DMode":false,"pivot":{"x":-49.094547271728519,"y":2.879863739013672,"z":109.73149108886719},"rotation":{"x":-0.015307924710214138,"y":-0.01140202023088932,"z":0.00017483874398749322,"w":-0.9998127222061157},"size":60.19390106201172,"orthographic":false}